Class,Prob,Att1,Att2,Att3,Att4
1,0.21247,0,0,0,0
2,0.06991,0,0,0,1
3,0.05575,0,0,1,0
4,0.08358,0,0,1,1
5,0.03801,0,1,0,0
6,0.02582,0,1,0,1
7,0.04954,0,1,1,0
8,0.15337,0,1,1,1
9,0.00226,1,0,0,0
10,0.00354,1,0,0,1
11,0.00234,1,0,1,0
12,0.01671,1,0,1,1
13,0.00337,1,1,0,0
14,0.01089,1,1,0,1
15,0.01732,1,1,1,0
16,0.25512,1,1,1,1